folder,file,band,n,min,p25,median,mean,p75,max,std,iqr
S1_2021_10,S1_2021_83.tif,VV,254752.0,-22.898426055908203,-10.761327028274536,-9.563622951507568,-9.410987854003906,-8.095017194747925,2.354470729827881,2.2497196197509766,2.6663098335266113
S1_2021_10,S1_2021_83.tif,VH,254752.0,-0.8893566131591797,5.391448140144348,5.858585357666016,5.907169818878174,6.342542767524719,16.10009002685547,0.8652768135070801,0.9510946273803711
S1_2021_10,S1_2021_83.tif,angle,1897527.0,44.16068649291992,44.79603958129883,45.19456100463867,45.189170837402344,45.592641830444336,45.999996185302734,0.47147032618522644,0.7966022491455078
S1_2021_10,S1_2021_83.tif,VVVH_ratio,254561.0,-63.72161865234375,8.717216491699219,13.82047176361084,7.996611595153809,17.023008346557617,64.77610778808594,15.4238862991333,8.305791854858398
S1_2021_10,S1_2021_84.tif,VV,1090451.0,-19.79009437561035,-9.577087879180908,-8.372714042663574,-8.157270431518555,-6.918030023574829,4.244472026824951,2.0390682220458984,2.659057855606079
S1_2021_10,S1_2021_84.tif,VH,,,,,,,,,
S1_2021_10,S1_2021_84.tif,angle,1522528.0,44.489444732666016,45.05321502685547,45.36223602294922,45.35675811767578,45.676082611083984,45.999996185302734,0.3755953311920166,0.6228675842285156
S1_2021_10,S1_2021_84.tif,VVVH_ratio,1090451.0,1.18134605884552,5.651991844177246,6.06738805770874,6.144318580627441,6.53382682800293,13.679244995117188,0.75777667760849,0.8818349838256836
